"Grad Rates Over Time","6-Year Rate 2000","6-Year Rate 2001","6-Year Rate 2002","6-Year Rate 2003","6-Year Rate 2004","6-Year Rate 2005","6-Year Rate 2006","6-Year Rate 2007","6-Year Rate 2008"
"California State University-Los Angeles","34.8%","31.3%","30.6%","33.7%","37.4%","36.5%","36.5%","35.7%","41.1%"
"California State University-San Bernardino","44.3%","38.3%","43.7%","45.5%","44.0%","44.6%","43.5%","41.1%","48.0%"
"CUNY John Jay College of Criminal Justice","42.3%","42.1%","42.7%","41.7%","40.1%","39.4%","43.1%","43.4%","43.7%"
"Keiser University-Ft Lauderdale","-","-","-","-","73.9%","61.7%","59.7%","67.7%","41.7%"
"New Mexico State University-Main Campus","36.7%","44.9%","42.7%","44.7%","44.7%","45.8%","44.1%","43.3%","45.7%"
"Troy University","48.5%","42.9%","43.7%","38.1%","37.1%","34.7%","34.8%","35.5%","35.7%"