"Grad Rates Over Time","6-Year Rate 2000","6-Year Rate 2001","6-Year Rate 2002","6-Year Rate 2003","6-Year Rate 2004","6-Year Rate 2005","6-Year Rate 2006","6-Year Rate 2007","6-Year Rate 2008"
"California State University-Fullerton","49.1%","49.9%","49.0%","51.6%","51.4%","50.1%","51.2%","53.5%","55.7%"
"California State University-Long Beach","47.8%","46.8%","55.3%","54.4%","54.0%","54.0%","56.9%","60.3%","65.2%"
"California State University-Northridge","40.0%","40.5%","41.1%","43.7%","47.9%","46.1%","48.0%","45.8%","46.8%"
"California State University-Sacramento","42.1%","42.4%","41.5%","43.9%","42.0%","41.6%","41.4%","42.9%","43.7%"
"San Francisco State University","42.4%","44.2%","43.7%","47.5%","48.0%","46.5%","47.3%","45.5%","49.7%"
"San Jose State University","41.4%","42.0%","41.4%","46.4%","48.0%","46.4%","46.9%","48.1%","51.6%"
"Texas State University","52.7%","54.8%","54.3%","55.8%","55.4%","55.5%","54.9%","57.4%","55.1%"
"The University of Texas at San Antonio","28.3%","29.7%","28.5%","25.7%","26.6%","27.2%","28.3%","30.0%","31.1%"
